Titre;Prix;Disponibilité;Étoiles;Price (excl. tax);Price (incl. tax);Tax
A Light in the Attic;51.77;In stock;3;51.77;51.77;0.0
Tipping the Velvet;53.74;In stock;1;53.74;53.74;0.0
Soumission;50.1;In stock;1;50.1;50.1;0.0
Sharp Objects;47.82;In stock;4;47.82;47.82;0.0
Sapiens: A Brief History of Humankind;54.23;In stock;5;54.23;54.23;0.0
The Requiem Red;22.65;In stock;1;22.65;22.65;0.0
The Dirty Little Secrets of Getting Your Dream Job;33.34;In stock;4;33.34;33.34;0.0
The Coming Woman: A Novel Based on the Life of the Infamous Feminist, Victoria Woodhull;17.93;In stock;3;17.93;17.93;0.0
The Boys in the Boat: Nine Americans and Their Epic Quest for Gold at the 1936 Berlin Olympics;22.6;In stock;4;22.6;22.6;0.0
The Black Maria;52.15;In stock;1;52.15;52.15;0.0
Starving Hearts (Triangular Trade Trilogy, #1);13.99;In stock;2;13.99;13.99;0.0
Shakespeare's Sonnets;20.66;In stock;4;20.66;20.66;0.0
Set Me Free;17.46;In stock;5;17.46;17.46;0.0
Scott Pilgrim's Precious Little Life (Scott Pilgrim #1);52.29;In stock;5;52.29;52.29;0.0
Rip it Up and Start Again;35.02;In stock;5;35.02;35.02;0.0
Our Band Could Be Your Life: Scenes from the American Indie Underground, 1981-1991;57.25;In stock;3;57.25;57.25;0.0
Olio;23.88;In stock;1;23.88;23.88;0.0
Mesaerion: The Best Science Fiction Stories 1800-1849;37.59;In stock;1;37.59;37.59;0.0
Libertarianism for Beginners;51.33;In stock;2;51.33;51.33;0.0
It's Only the Himalayas;45.17;In stock;2;45.17;45.17;0.0
In Her Wake;12.84;In stock;1;12.84;12.84;0.0
How Music Works;37.32;In stock;2;37.32;37.32;0.0
Foolproof Preserving: A Guide to Small Batch Jams, Jellies, Pickles, Condiments, and More: A Foolproof Guide to Making Small Batch Jams, Jellies, Pickles, Condiments, and More;30.52;In stock;3;30.52;30.52;0.0
Chase Me (Paris Nights #2);25.27;In stock;5;25.27;25.27;0.0
Black Dust;34.53;In stock;5;34.53;34.53;0.0
Birdsong: A Story in Pictures;54.64;In stock;3;54.64;54.64;0.0
America's Cradle of Quarterbacks: Western Pennsylvania's Football Factory from Johnny Unitas to Joe Montana;22.5;In stock;3;22.5;22.5;0.0
Aladdin and His Wonderful Lamp;53.13;In stock;3;53.13;53.13;0.0
Worlds Elsewhere: Journeys Around Shakespeareâs Globe;40.3;In stock;5;40.3;40.3;0.0
Wall and Piece;44.18;In stock;4;44.18;44.18;0.0
The Four Agreements: A Practical Guide to Personal Freedom;17.66;In stock;5;17.66;17.66;0.0
The Five Love Languages: How to Express Heartfelt Commitment to Your Mate;31.05;In stock;3;31.05;31.05;0.0
The Elephant Tree;23.82;In stock;5;23.82;23.82;0.0
The Bear and the Piano;36.89;In stock;1;36.89;36.89;0.0
Sophie's World;15.94;In stock;5;15.94;15.94;0.0
Penny Maybe;33.29;In stock;3;33.29;33.29;0.0
Maude (1883-1993):She Grew Up with the country;18.02;In stock;2;18.02;18.02;0.0
In a Dark, Dark Wood;19.63;In stock;1;19.63;19.63;0.0
Behind Closed Doors;52.22;In stock;4;52.22;52.22;0.0
You can't bury them all: Poems;33.63;In stock;2;33.63;33.63;0.0
Slow States of Collapse: Poems;57.31;In stock;3;57.31;57.31;0.0
Reasons to Stay Alive;26.41;In stock;2;26.41;26.41;0.0
Private Paris (Private #10);47.61;In stock;5;47.61;47.61;0.0
#HigherSelfie: Wake Up Your Life. Free Your Soul. Find Your Tribe.;23.11;In stock;5;23.11;23.11;0.0
Without Borders (Wanderlove #1);45.07;In stock;2;45.07;45.07;0.0
When We Collided;31.77;In stock;1;31.77;31.77;0.0
We Love You, Charlie Freeman;50.27;In stock;5;50.27;50.27;0.0
Untitled Collection: Sabbath Poems 2014;14.27;In stock;4;14.27;14.27;0.0
Unseen City: The Majesty of Pigeons, the Discreet Charm of Snails & Other Wonders of the Urban Wilderness;44.18;In stock;4;44.18;44.18;0.0
Unicorn Tracks;18.78;In stock;3;18.78;18.78;0.0
Unbound: How Eight Technologies Made Us Human, Transformed Society, and Brought Our World to the Brink;25.52;In stock;1;25.52;25.52;0.0
Tsubasa: WoRLD CHRoNiCLE 2 (Tsubasa WoRLD CHRoNiCLE #2);16.28;In stock;1;16.28;16.28;0.0
Throwing Rocks at the Google Bus: How Growth Became the Enemy of Prosperity;31.12;In stock;3;31.12;31.12;0.0
This One Summer;19.49;In stock;4;19.49;19.49;0.0
Thirst;17.27;In stock;5;17.27;17.27;0.0
The Torch Is Passed: A Harding Family Story;19.09;In stock;1;19.09;19.09;0.0
The Secret of Dreadwillow Carse;56.13;In stock;1;56.13;56.13;0.0
The Pioneer Woman Cooks: Dinnertime: Comfort Classics, Freezer Food, 16-Minute Meals, and Other Delicious Ways to Solve Supper!;56.41;In stock;1;56.41;56.41;0.0
The Past Never Ends;56.5;In stock;4;56.5;56.5;0.0
The Natural History of Us (The Fine Art of Pretending #2);45.22;In stock;3;45.22;45.22;0.0
The Nameless City (The Nameless City #1);38.16;In stock;4;38.16;38.16;0.0
The Murder That Never Was (Forensic Instincts #5);54.11;In stock;3;54.11;54.11;0.0
The Most Perfect Thing: Inside (and Outside) a Bird's Egg;42.96;In stock;4;42.96;42.96;0.0
The Mindfulness and Acceptance Workbook for Anxiety: A Guide to Breaking Free from Anxiety, Phobias, and Worry Using Acceptance and Commitment Therapy;23.89;In stock;4;23.89;23.89;0.0
The Life-Changing Magic of Tidying Up: The Japanese Art of Decluttering and Organizing;16.77;In stock;3;16.77;16.77;0.0
The Inefficiency Assassin: Time Management Tactics for Working Smarter, Not Longer;20.59;In stock;5;20.59;20.59;0.0
The Gutsy Girl: Escapades for Your Life of Epic Adventure;37.13;In stock;1;37.13;37.13;0.0
The Electric Pencil: Drawings from Inside State Hospital No. 3;56.06;In stock;1;56.06;56.06;0.0
The Death of Humanity: and the Case for Life;58.11;In stock;4;58.11;58.11;0.0
The Bulletproof Diet: Lose up to a Pound a Day, Reclaim Energy and Focus, Upgrade Your Life;49.05;In stock;3;49.05;49.05;0.0
The Art Forger;40.76;In stock;3;40.76;40.76;0.0
The Age of Genius: The Seventeenth Century and the Birth of the Modern Mind;19.73;In stock;1;19.73;19.73;0.0
The Activist's Tao Te Ching: Ancient Advice for a Modern Revolution;32.24;In stock;5;32.24;32.24;0.0
Spark Joy: An Illustrated Master Class on the Art of Organizing and Tidying Up;41.83;In stock;4;41.83;41.83;0.0
Soul Reader;39.58;In stock;2;39.58;39.58;0.0
Security;39.25;In stock;2;39.25;39.25;0.0
Saga, Volume 6 (Saga (Collected Editions) #6);25.02;In stock;3;25.02;25.02;0.0
Saga, Volume 5 (Saga (Collected Editions) #5);51.04;In stock;2;51.04;51.04;0.0
Reskilling America: Learning to Labor in the Twenty-First Century;19.83;In stock;2;19.83;19.83;0.0
Rat Queens, Vol. 3: Demons (Rat Queens (Collected Editions) #11-15);50.4;In stock;3;50.4;50.4;0.0
Princess Jellyfish 2-in-1 Omnibus, Vol. 01 (Princess Jellyfish 2-in-1 Omnibus #1);13.61;In stock;5;13.61;13.61;0.0
Princess Between Worlds (Wide-Awake Princess #5);13.34;In stock;5;13.34;13.34;0.0
Pop Gun War, Volume 1: Gift;18.97;In stock;1;18.97;18.97;0.0
Political Suicide: Missteps, Peccadilloes, Bad Calls, Backroom Hijinx, Sordid Pasts, Rotten Breaks, and Just Plain Dumb Mistakes in the Annals of American Politics;36.28;In stock;2;36.28;36.28;0.0
Patience;10.16;In stock;3;10.16;10.16;0.0
Outcast, Vol. 1: A Darkness Surrounds Him (Outcast #1);15.44;In stock;4;15.44;15.44;0.0
orange: The Complete Collection 1 (orange: The Complete Collection #1);48.41;In stock;1;48.41;48.41;0.0
Online Marketing for Busy Authors: A Step-By-Step Guide;46.35;In stock;1;46.35;46.35;0.0
On a Midnight Clear;14.07;In stock;3;14.07;14.07;0.0
Obsidian (Lux #1);14.86;In stock;2;14.86;14.86;0.0
My Paris Kitchen: Recipes and Stories;33.37;In stock;2;33.37;33.37;0.0
Masks and Shadows;56.4;In stock;2;56.4;56.4;0.0
Mama Tried: Traditional Italian Cooking for the Screwed, Crude, Vegan, and Tattooed;14.02;In stock;4;14.02;14.02;0.0
Lumberjanes, Vol. 2: Friendship to the Max (Lumberjanes #5-8);46.91;In stock;2;46.91;46.91;0.0
Lumberjanes, Vol. 1: Beware the Kitten Holy (Lumberjanes #1-4);45.61;In stock;3;45.61;45.61;0.0
Lumberjanes Vol. 3: A Terrible Plan (Lumberjanes #9-12);19.92;In stock;2;19.92;19.92;0.0
Layered: Baking, Building, and Styling Spectacular Cakes;40.11;In stock;1;40.11;40.11;0.0
Judo: Seven Steps to Black Belt (an Introductory Guide for Beginners);53.9;In stock;2;53.9;53.9;0.0
Join;35.67;In stock;5;35.67;35.67;0.0
In the Country We Love: My Family Divided;22.0;In stock;4;22.0;22.0;0.0
Immunity: How Elie Metchnikoff Changed the Course of Modern Medicine;57.36;In stock;5;57.36;57.36;0.0
I Hate Fairyland, Vol. 1: Madly Ever After (I Hate Fairyland (Compilations) #1-5);29.17;In stock;2;29.17;29.17;0.0
I am a Hero Omnibus Volume 1;54.63;In stock;3;54.63;54.63;0.0
How to Be Miserable: 40 Strategies You Already Use;46.03;In stock;1;46.03;46.03;0.0
Her Backup Boyfriend (The Sorensen Family #1);33.97;In stock;1;33.97;33.97;0.0
Giant Days, Vol. 2 (Giant Days #5-8);22.11;In stock;2;22.11;22.11;0.0
Forever and Forever: The Courtship of Henry Longfellow and Fanny Appleton;29.69;In stock;3;29.69;29.69;0.0
First and First (Five Boroughs #3);15.97;In stock;4;15.97;15.97;0.0
Fifty Shades Darker (Fifty Shades #2);21.96;In stock;1;21.96;21.96;0.0
Everydata: The Misinformation Hidden in the Little Data You Consume Every Day;54.35;In stock;2;54.35;54.35;0.0
Don't Be a Jerk: And Other Practical Advice from Dogen, Japan's Greatest Zen Master;37.97;In stock;2;37.97;37.97;0.0
Danganronpa Volume 1;51.99;In stock;4;51.99;51.99;0.0
Crown of Midnight (Throne of Glass #2);43.29;In stock;3;43.29;43.29;0.0
Codename Baboushka, Volume 1: The Conclave of Death;36.72;In stock;4;36.72;36.72;0.0
Camp Midnight;17.08;In stock;4;17.08;17.08;0.0
Call the Nurse: True Stories of a Country Nurse on a Scottish Isle;29.14;In stock;5;29.14;29.14;0.0
Burning;28.81;In stock;3;28.81;28.81;0.0
Bossypants;49.46;In stock;2;49.46;49.46;0.0
Bitch Planet, Vol. 1: Extraordinary Machine (Bitch Planet (Collected Editions));37.92;In stock;2;37.92;37.92;0.0
Avatar: The Last Airbender: Smoke and Shadow, Part 3 (Smoke and Shadow #3);28.09;In stock;2;28.09;28.09;0.0
Algorithms to Live By: The Computer Science of Human Decisions;30.81;In stock;1;30.81;30.81;0.0
A World of Flavor: Your Gluten Free Passport;42.95;In stock;1;42.95;42.95;0.0
A Piece of Sky, a Grain of Rice: A Memoir in Four Meditations;56.76;In stock;5;56.76;56.76;0.0
A Murder in Time;16.64;In stock;1;16.64;16.64;0.0
A Flight of Arrows (The Pathfinders #2);55.53;In stock;5;55.53;55.53;0.0
A Fierce and Subtle Poison;28.13;In stock;4;28.13;28.13;0.0
A Court of Thorns and Roses (A Court of Thorns and Roses #1);52.37;In stock;1;52.37;52.37;0.0
(Un)Qualified: How God Uses Broken People to Do Big Things;54.0;In stock;5;54.0;54.0;0.0
You Are What You Love: The Spiritual Power of Habit;21.87;In stock;4;21.87;21.87;0.0
William Shakespeare's Star Wars: Verily, A New Hope (William Shakespeare's Star Wars #4);43.3;In stock;4;43.3;43.3;0.0
Tuesday Nights in 1980;21.04;In stock;2;21.04;21.04;0.0
Tracing Numbers on a Train;41.6;In stock;3;41.6;41.6;0.0
Throne of Glass (Throne of Glass #1);35.07;In stock;3;35.07;35.07;0.0
Thomas Jefferson and the Tripoli Pirates: The Forgotten War That Changed American History;59.64;In stock;1;59.64;59.64;0.0
Thirteen Reasons Why;52.72;In stock;1;52.72;52.72;0.0
The White Cat and the Monk: A Retelling of the Poem âPangur BÃ¡nâ;58.08;In stock;4;58.08;58.08;0.0
The Wedding Dress;24.12;In stock;1;24.12;24.12;0.0
The Vacationers;42.15;In stock;4;42.15;42.15;0.0
The Third Wave: An Entrepreneurâs Vision of the Future;12.61;In stock;5;12.61;12.61;0.0
The Stranger;17.44;In stock;4;17.44;17.44;0.0
The Shadow Hero (The Shadow Hero);33.14;In stock;1;33.14;33.14;0.0
The Secret (The Secret #1);27.37;In stock;4;27.37;27.37;0.0
The Regional Office Is Under Attack!;51.36;In stock;5;51.36;51.36;0.0
The Psychopath Test: A Journey Through the Madness Industry;36.0;In stock;2;36.0;36.0;0.0
The Project;10.65;In stock;1;10.65;10.65;0.0
The Power of Now: A Guide to Spiritual Enlightenment;43.54;In stock;2;43.54;43.54;0.0
The Omnivore's Dilemma: A Natural History of Four Meals;38.21;In stock;2;38.21;38.21;0.0
The Nerdy Nummies Cookbook: Sweet Treats for the Geek in All of Us;37.34;In stock;5;37.34;37.34;0.0
The Murder of Roger Ackroyd (Hercule Poirot #4);44.1;In stock;4;44.1;44.1;0.0
The Mistake (Off-Campus #2);43.29;In stock;3;43.29;43.29;0.0
The Matchmaker's Playbook (Wingmen Inc. #1);55.85;In stock;1;55.85;55.85;0.0
The Love and Lemons Cookbook: An Apple-to-Zucchini Celebration of Impromptu Cooking;37.6;In stock;2;37.6;37.6;0.0
The Long Shadow of Small Ghosts: Murder and Memory in an American City;10.97;In stock;1;10.97;10.97;0.0
The Kite Runner;41.82;In stock;4;41.82;41.82;0.0
The House by the Lake;36.95;In stock;1;36.95;36.95;0.0
The Glittering Court (The Glittering Court #1);44.28;In stock;1;44.28;44.28;0.0
The Girl on the Train;55.02;In stock;2;55.02;55.02;0.0
The Genius of Birds;17.24;In stock;1;17.24;17.24;0.0
The Emerald Mystery;23.15;In stock;2;23.15;23.15;0.0
The Cookies & Cups Cookbook: 125+ sweet & savory recipes reminding you to Always Eat Dessert First;41.25;In stock;1;41.25;41.25;0.0
The Bridge to Consciousness: I'm Writing the Bridge Between Science and Our Old and New Beliefs.;32.0;In stock;3;32.0;32.0;0.0
The Artist's Way: A Spiritual Path to Higher Creativity;38.49;In stock;5;38.49;38.49;0.0
The Art of War;33.34;In stock;5;33.34;33.34;0.0
The Argonauts;10.93;In stock;2;10.93;10.93;0.0
The 10% Entrepreneur: Live Your Startup Dream Without Quitting Your Day Job;27.55;In stock;3;27.55;27.55;0.0
Suddenly in Love (Lake Haven #1);55.99;In stock;2;55.99;55.99;0.0
Something More Than This;16.24;In stock;4;16.24;16.24;0.0
Soft Apocalypse;26.12;In stock;2;26.12;26.12;0.0
So You've Been Publicly Shamed;12.23;In stock;2;12.23;12.23;0.0
Shoe Dog: A Memoir by the Creator of NIKE;23.99;In stock;2;23.99;23.99;0.0
Shobu Samurai, Project Aryoku (#3);29.06;In stock;3;29.06;29.06;0.0
Secrets and Lace (Fatal Hearts #1);20.27;In stock;1;20.27;20.27;0.0
Scarlett Epstein Hates It Here;43.55;In stock;5;43.55;43.55;0.0
Romero and Juliet: A Tragic Tale of Love and Zombies;36.94;In stock;1;36.94;36.94;0.0
Redeeming Love;20.47;In stock;5;20.47;20.47;0.0
Poses for Artists Volume 1 - Dynamic and Sitting Poses: An Essential Reference for Figure Drawing and the Human Form;41.06;In stock;1;41.06;41.06;0.0
Poems That Make Grown Women Cry;14.19;In stock;4;14.19;14.19;0.0
Nightingale, Sing;38.28;In stock;1;38.28;38.28;0.0
Night Sky with Exit Wounds;41.05;In stock;1;41.05;41.05;0.0
Mrs. Houdini;30.25;In stock;5;30.25;30.25;0.0
Modern Romance;28.26;In stock;5;28.26;28.26;0.0
Miss Peregrineâs Home for Peculiar Children (Miss Peregrineâs Peculiar Children #1);10.76;In stock;1;10.76;10.76;0.0
Louisa: The Extraordinary Life of Mrs. Adams;16.85;In stock;2;16.85;16.85;0.0
Little Red;13.47;In stock;3;13.47;13.47;0.0
Library of Souls (Miss Peregrineâs Peculiar Children #3);48.56;In stock;5;48.56;48.56;0.0
Large Print Heart of the Pride;19.15;In stock;2;19.15;19.15;0.0
I Had a Nice Time And Other Lies...: How to find love & sh*t like that;57.36;In stock;4;57.36;57.36;0.0
Hollow City (Miss Peregrineâs Peculiar Children #2);42.98;In stock;1;42.98;42.98;0.0
Grumbles;22.16;In stock;2;22.16;22.16;0.0
Full Moon over Noahâs Ark: An Odyssey to Mount Ararat and Beyond;49.43;In stock;4;49.43;49.43;0.0
Frostbite (Vampire Academy #2);29.99;In stock;5;29.99;29.99;0.0
Follow You Home;21.36;In stock;1;21.36;21.36;0.0
First Steps for New Christians (Print Edition);29.0;In stock;1;29.0;29.0;0.0
Finders Keepers (Bill Hodges Trilogy #2);53.53;In stock;5;53.53;53.53;0.0
Fables, Vol. 1: Legends in Exile (Fables #1);41.62;In stock;4;41.62;41.62;0.0
Eureka Trivia 6.0;54.59;In stock;4;54.59;54.59;0.0
Drive: The Surprising Truth About What Motivates Us;34.95;In stock;4;34.95;34.95;0.0
Done Rubbed Out (Reightman & Bailey #1);37.72;In stock;5;37.72;37.72;0.0
Doing It Over (Most Likely To #1);35.61;In stock;3;35.61;35.61;0.0
Deliciously Ella Every Day: Quick and Easy Recipes for Gluten-Free Snacks, Packed Lunches, and Simple Meals;42.16;In stock;3;42.16;42.16;0.0
Dark Notes;19.19;In stock;5;19.19;19.19;0.0
Daring Greatly: How the Courage to Be Vulnerable Transforms the Way We Live, Love, Parent, and Lead;19.43;In stock;3;19.43;19.43;0.0
Close to You;49.46;In stock;4;49.46;49.46;0.0
Chasing Heaven: What Dying Taught Me About Living;37.8;In stock;2;37.8;37.8;0.0
Big Magic: Creative Living Beyond Fear;30.8;In stock;3;30.8;30.8;0.0
Becoming Wise: An Inquiry into the Mystery and Art of Living;27.43;In stock;2;27.43;27.43;0.0
Beauty Restored (Riley Family Legacy Novellas #3);11.11;In stock;2;11.11;11.11;0.0
Batman: The Long Halloween (Batman);36.5;In stock;2;36.5;36.5;0.0
Batman: The Dark Knight Returns (Batman);15.38;In stock;5;15.38;15.38;0.0
Ayumi's Violin;15.48;In stock;2;15.48;15.48;0.0
Anonymous;46.82;In stock;4;46.82;46.82;0.0
Amy Meets the Saints and Sages;18.46;In stock;3;18.46;18.46;0.0
Amid the Chaos;36.58;In stock;1;36.58;36.58;0.0
Amatus;50.54;In stock;5;50.54;50.54;0.0
Agnostic: A Spirited Manifesto;12.51;In stock;5;12.51;12.51;0.0
Zealot: The Life and Times of Jesus of Nazareth;24.7;In stock;3;24.7;24.7;0.0
You (You #1);43.61;In stock;5;43.61;43.61;0.0
Wonder Woman: Earth One, Volume One (Wonder Woman: Earth One #1);37.34;In stock;4;37.34;37.34;0.0
Wild Swans;14.36;In stock;2;14.36;14.36;0.0
Why the Right Went Wrong: Conservatism--From Goldwater to the Tea Party and Beyond;52.65;In stock;4;52.65;52.65;0.0
Whole Lotta Creativity Going On: 60 Fun and Unusual Exercises to Awaken and Strengthen Your Creativity;38.2;In stock;4;38.2;38.2;0.0
What's It Like in Space?: Stories from Astronauts Who've Been There;19.6;In stock;2;19.6;19.6;0.0
We Are Robin, Vol. 1: The Vigilante Business (We Are Robin #1);53.9;In stock;1;53.9;53.9;0.0
Walt Disney's Alice in Wonderland;12.96;In stock;5;12.96;12.96;0.0
V for Vendetta (V for Vendetta Complete);37.1;In stock;4;37.1;37.1;0.0
Until Friday Night (The Field Party #1);46.31;In stock;2;46.31;46.31;0.0
Unbroken: A World War II Story of Survival, Resilience, and Redemption;45.95;In stock;2;45.95;45.95;0.0
Twenty Yawns;22.08;In stock;2;22.08;22.08;0.0
Through the Woods;25.38;In stock;2;25.38;25.38;0.0
This Is Where It Ends;27.12;In stock;2;27.12;27.12;0.0
The Year of Magical Thinking;43.04;In stock;2;43.04;43.04;0.0
The Wright Brothers;56.8;In stock;4;56.8;56.8;0.0
The White Queen (The Cousins' War #1);25.91;In stock;5;25.91;25.91;0.0
The Wedding Pact (The O'Malleys #2);32.61;In stock;3;32.61;32.61;0.0
The Time Keeper;27.88;In stock;5;27.88;27.88;0.0
The Testament of Mary;52.67;In stock;4;52.67;52.67;0.0
The Star-Touched Queen;46.02;In stock;5;46.02;46.02;0.0
The Songs of the Gods;44.48;In stock;5;44.48;44.48;0.0
The Song of Achilles;37.4;In stock;5;37.4;37.4;0.0
The Rosie Project (Don Tillman #1);54.04;In stock;1;54.04;54.04;0.0
The Power of Habit: Why We Do What We Do in Life and Business;16.88;In stock;3;16.88;16.88;0.0
The Marriage of Opposites;28.08;In stock;4;28.08;28.08;0.0
The Lucifer Effect: Understanding How Good People Turn Evil;10.4;In stock;1;10.4;10.4;0.0
The Long Haul (Diary of a Wimpy Kid #9);44.07;In stock;1;44.07;44.07;0.0
The Loney;23.4;In stock;1;23.4;23.4;0.0
The Literature Book (Big Ideas Simply Explained);17.43;In stock;3;17.43;17.43;0.0
The Last Mile (Amos Decker #2);54.21;In stock;2;54.21;54.21;0.0
The Immortal Life of Henrietta Lacks;40.67;In stock;2;40.67;40.67;0.0
The Hidden Oracle (The Trials of Apollo #1);52.26;In stock;2;52.26;52.26;0.0
The Help Yourself Cookbook for Kids: 60 Easy Plant-Based Recipes Kids Can Make to Stay Healthy and Save the Earth;28.77;In stock;3;28.77;28.77;0.0
The Guilty (Will Robie #4);13.82;In stock;2;13.82;13.82;0.0
The First Hostage (J.B. Collins #2);25.85;In stock;3;25.85;25.85;0.0
The Dovekeepers;48.78;In stock;1;48.78;48.78;0.0
The Darkest Lie;35.35;In stock;5;35.35;35.35;0.0
The Bane Chronicles (The Bane Chronicles #1-11);44.73;In stock;4;44.73;44.73;0.0
The Bad-Ass Librarians of Timbuktu: And Their Race to Save the Worldâs Most Precious Manuscripts;15.77;In stock;1;15.77;15.77;0.0
The 14th Colony (Cotton Malone #11);39.24;In stock;1;39.24;39.24;0.0
That Darkness (Gardiner and Renner #1);13.92;In stock;1;13.92;13.92;0.0
Tastes Like Fear (DI Marnie Rome #3);10.69;In stock;1;10.69;10.69;0.0
Take Me with You;45.21;In stock;3;45.21;45.21;0.0
Swell: A Year of Waves;45.58;In stock;1;45.58;45.58;0.0
Superman Vol. 1: Before Truth (Superman by Gene Luen Yang #1);11.89;In stock;5;11.89;11.89;0.0
Still Life with Bread Crumbs;26.41;In stock;3;26.41;26.41;0.0
Steve Jobs;39.5;In stock;5;39.5;39.5;0.0
Sorting the Beef from the Bull: The Science of Food Fraud Forensics;44.74;In stock;4;44.74;44.74;0.0
Someone Like You (The Harrisons #2);52.79;In stock;5;52.79;52.79;0.0
So Cute It Hurts!!, Vol. 6 (So Cute It Hurts!! #6);35.43;In stock;4;35.43;35.43;0.0
Shtum;55.84;In stock;4;55.84;55.84;0.0
See America: A Celebration of Our National Parks & Treasured Sites;48.87;In stock;3;48.87;48.87;0.0
salt.;46.78;In stock;4;46.78;46.78;0.0
Robin War;47.82;In stock;3;47.82;47.82;0.0
Red Hood/Arsenal, Vol. 1: Open for Business (Red Hood/Arsenal #1);25.48;In stock;2;25.48;25.48;0.0
Rain Fish;23.57;In stock;3;23.57;23.57;0.0
Quarter Life Poetry: Poems for the Young, Broke and Hangry;50.89;In stock;5;50.89;50.89;0.0
Pet Sematary;10.56;In stock;3;10.56;10.56;0.0
Overload: How to Unplug, Unwind, and Unleash Yourself from the Pressure of Stress;52.15;In stock;3;52.15;52.15;0.0
Once Was a Time;18.28;In stock;2;18.28;18.28;0.0
Old School (Diary of a Wimpy Kid #10);11.83;In stock;5;11.83;11.83;0.0
No Dream Is Too High: Life Lessons From a Man Who Walked on the Moon;21.95;In stock;2;21.95;21.95;0.0
Naruto (3-in-1 Edition), Vol. 14: Includes Vols. 40, 41 & 42 (Naruto: Omnibus #14);38.39;In stock;2;38.39;38.39;0.0
My Name Is Lucy Barton;41.56;In stock;1;41.56;41.56;0.0
My Mrs. Brown;24.48;In stock;3;24.48;24.48;0.0
My Kind of Crazy;40.36;In stock;1;40.36;40.36;0.0
Mr. Mercedes (Bill Hodges Trilogy #1);28.9;In stock;1;28.9;28.9;0.0
More Than Music (Chasing the Dream #1);37.61;In stock;2;37.61;37.61;0.0
Made to Stick: Why Some Ideas Survive and Others Die;38.85;In stock;5;38.85;38.85;0.0
Luis Paints the World;53.95;In stock;3;53.95;53.95;0.0
Luckiest Girl Alive;49.83;In stock;3;49.83;49.83;0.0
Lowriders to the Center of the Earth (Lowriders in Space #2);51.51;In stock;2;51.51;51.51;0.0
Love Is a Mix Tape (Music #1);18.03;In stock;1;18.03;18.03;0.0
Looking for Lovely: Collecting the Moments that Matter;29.14;In stock;5;29.14;29.14;0.0
Living Leadership by Insight: A Good Leader Achieves, a Great Leader Builds Monuments;46.91;In stock;4;46.91;46.91;0.0
Let It Out: A Journey Through Journaling;26.79;In stock;5;26.79;26.79;0.0
Lady Midnight (The Dark Artifices #1);16.28;In stock;5;16.28;16.28;0.0
It's All Easy: Healthy, Delicious Weeknight Meals in under 30 Minutes;19.55;In stock;1;19.55;19.55;0.0
Island of Dragons (Unwanteds #7);29.65;In stock;1;29.65;29.65;0.0
I Know What I'm Doing -- and Other Lies I Tell Myself: Dispatches from a Life Under Construction;25.98;In stock;4;25.98;25.98;0.0
I Am Pilgrim (Pilgrim #1);10.6;In stock;4;10.6;10.6;0.0
Hyperbole and a Half: Unfortunate Situations, Flawed Coping Mechanisms, Mayhem, and Other Things That Happened;14.75;In stock;5;14.75;14.75;0.0
Hush, Hush (Hush, Hush #1);47.02;In stock;3;47.02;47.02;0.0
Hold Your Breath (Search and Rescue #1);28.82;In stock;1;28.82;28.82;0.0
Hamilton: The Revolution;58.79;In stock;3;58.79;58.79;0.0
Greek Mythic History;10.23;In stock;5;10.23;10.23;0.0
God: The Most Unpleasant Character in All Fiction;30.03;In stock;5;30.03;30.03;0.0
Glory over Everything: Beyond The Kitchen House;45.84;In stock;3;45.84;45.84;0.0
Feathers: Displays of Brilliant Plumage;49.05;In stock;3;49.05;49.05;0.0
Far & Away: Places on the Brink of Change: Seven Continents, Twenty-Five Years;15.06;In stock;4;15.06;15.06;0.0
Every Last Word;46.47;In stock;3;46.47;46.47;0.0
Eligible (The Austen Project #4);27.09;In stock;3;27.09;27.09;0.0
El Deafo;57.62;In stock;5;57.62;57.62;0.0
Eight Hundred Grapes;14.39;In stock;4;14.39;14.39;0.0
Eaternity: More than 150 Deliciously Easy Vegan Recipes for a Long, Healthy, Satisfied, Joyful Life;51.75;In stock;5;51.75;51.75;0.0
Eat Fat, Get Thin;54.07;In stock;2;54.07;54.07;0.0
Don't Get Caught;55.35;In stock;1;55.35;55.35;0.0
Doctor Sleep (The Shining #2);40.12;In stock;2;40.12;40.12;0.0
Demigods & Magicians: Percy and Annabeth Meet the Kanes (Percy Jackson & Kane Chronicles Crossover #1-3);37.51;In stock;5;37.51;37.51;0.0
Dear Mr. Knightley;11.21;In stock;5;11.21;11.21;0.0
Daily Fantasy Sports;36.58;In stock;1;36.58;36.58;0.0
Crazy Love: Overwhelmed by a Relentless God;47.72;In stock;2;47.72;47.72;0.0
Cometh the Hour (The Clifton Chronicles #6);25.01;In stock;3;25.01;25.01;0.0
Code Name Verity (Code Name Verity #1);22.13;In stock;4;22.13;22.13;0.0
Clockwork Angel (The Infernal Devices #1);44.14;In stock;1;44.14;44.14;0.0
City of Glass (The Mortal Instruments #3);56.02;In stock;4;56.02;56.02;0.0
City of Fallen Angels (The Mortal Instruments #4);11.23;In stock;4;11.23;11.23;0.0
City of Bones (The Mortal Instruments #1);43.28;In stock;1;43.28;43.28;0.0
City of Ashes (The Mortal Instruments #2);47.27;In stock;1;47.27;47.27;0.0
Cell;20.29;In stock;4;20.29;20.29;0.0
Catching Jordan (Hundred Oaks);50.83;In stock;3;50.83;50.83;0.0
Carry On, Warrior: Thoughts on Life Unarmed;31.85;In stock;3;31.85;31.85;0.0
Carrie;46.23;In stock;2;46.23;46.23;0.0
Buying In: The Secret Dialogue Between What We Buy and Who We Are;37.8;In stock;4;37.8;37.8;0.0
Brain on Fire: My Month of Madness;49.32;In stock;5;49.32;49.32;0.0
Batman: Europa;32.01;In stock;2;32.01;32.01;0.0
Barefoot Contessa Back to Basics;28.01;In stock;1;28.01;28.01;0.0
Barefoot Contessa at Home: Everyday Recipes You'll Make Over and Over Again;50.62;In stock;5;50.62;50.62;0.0
Balloon Animals;17.03;In stock;3;17.03;17.03;0.0
Art Ops Vol. 1;48.8;In stock;3;48.8;48.8;0.0
Aristotle and Dante Discover the Secrets of the Universe (Aristotle and Dante Discover the Secrets of the Universe #1);58.14;In stock;4;58.14;58.14;0.0
Angels Walking (Angels Walking #1);34.2;In stock;2;34.2;34.2;0.0
Angels & Demons (Robert Langdon #1);51.48;In stock;3;51.48;51.48;0.0
All the Light We Cannot See;29.87;In stock;5;29.87;29.87;0.0
"Adulthood Is a Myth: A ""Sarah's Scribbles"" Collection";10.9;In stock;2;10.9;10.9;0.0
Abstract City;56.37;In stock;5;56.37;56.37;0.0
A Time of Torment (Charlie Parker #14);48.35;In stock;5;48.35;48.35;0.0
A Study in Scarlet (Sherlock Holmes #1);16.73;In stock;2;16.73;16.73;0.0
A Series of Catastrophes and Miracles: A True Story of Love, Science, and Cancer;56.48;In stock;2;56.48;56.48;0.0
A People's History of the United States;40.79;In stock;2;40.79;40.79;0.0
A Man Called Ove;39.72;In stock;1;39.72;39.72;0.0
A Distant Mirror: The Calamitous 14th Century;14.58;In stock;3;14.58;14.58;0.0
A Brush of Wings (Angels Walking #3);55.51;In stock;1;55.51;55.51;0.0
1491: New Revelations of the Americas Before Columbus;21.8;In stock;3;21.8;21.8;0.0
The Three Searches, Meaning, and the Story;13.33;In stock;3;13.33;13.33;0.0
Searching for Meaning in Gailana;38.73;In stock;1;38.73;38.73;0.0
Rook;37.86;In stock;4;37.86;37.86;0.0
My Kitchen Year: 136 Recipes That Saved My Life;11.53;In stock;2;11.53;11.53;0.0
13 Hours: The Inside Account of What Really Happened In Benghazi;27.06;In stock;1;27.06;27.06;0.0
Will You Won't You Want Me?;13.86;In stock;3;13.86;13.86;0.0
Tipping Point for Planet Earth: How Close Are We to the Edge?;37.55;In stock;1;37.55;37.55;0.0
The Star-Touched Queen;32.3;In stock;5;32.3;32.3;0.0
The Silent Sister (Riley MacPherson #1);46.29;In stock;5;46.29;46.29;0.0
The Midnight Watch: A Novel of the Titanic and the Californian;26.2;In stock;1;26.2;26.2;0.0
The Lonely City: Adventures in the Art of Being Alone;33.26;In stock;2;33.26;33.26;0.0
The Gray Rhino: How to Recognize and Act on the Obvious Dangers We Ignore;59.15;In stock;4;59.15;59.15;0.0
The Golden Condom: And Other Essays on Love Lost and Found;39.43;In stock;1;39.43;39.43;0.0
The Epidemic (The Program 0.6);14.44;In stock;5;14.44;14.44;0.0
The Dinner Party;56.54;In stock;2;56.54;56.54;0.0
The Diary of a Young Girl;59.9;In stock;3;59.9;59.9;0.0
The Children;11.88;In stock;3;11.88;11.88;0.0
Stars Above (The Lunar Chronicles #4.5);48.05;In stock;2;48.05;48.05;0.0
Snatched: How A Drug Queen Went Undercover for the DEA and Was Kidnapped By Colombian Guerillas;21.21;In stock;3;21.21;21.21;0.0
Raspberry Pi Electronics Projects for the Evil Genius;49.67;In stock;4;49.67;49.67;0.0
Quench Your Own Thirst: Business Lessons Learned Over a Beer or Two;43.14;In stock;1;43.14;43.14;0.0
Psycho: Sanitarium (Psycho #1.5);36.97;In stock;5;36.97;36.97;0.0
Poisonous (Max Revere Novels #3);26.8;In stock;3;26.8;26.8;0.0
One with You (Crossfire #5);15.71;In stock;4;15.71;15.71;0.0
No Love Allowed (Dodge Cove #1);54.65;In stock;4;54.65;54.65;0.0
Murder at the 42nd Street Library (Raymond Ambler #1);54.36;In stock;4;54.36;54.36;0.0
Most Wanted;35.28;In stock;3;35.28;35.28;0.0
Love, Lies and Spies;20.55;In stock;2;20.55;20.55;0.0
How to Speak Golf: An Illustrated Guide to Links Lingo;58.32;In stock;5;58.32;58.32;0.0
Hide Away (Eve Duncan #20);11.84;In stock;1;11.84;11.84;0.0
Furiously Happy: A Funny Book About Horrible Things;41.46;In stock;4;41.46;41.46;0.0
Everyday Italian: 125 Simple and Delicious Recipes;20.1;In stock;5;20.1;20.1;0.0
Equal Is Unfair: America's Misguided Fight Against Income Inequality;56.86;In stock;1;56.86;56.86;0.0
Eleanor & Park;56.51;In stock;5;56.51;56.51;0.0
Dirty (Dive Bar #1);40.83;In stock;4;40.83;40.83;0.0
Can You Keep a Secret? (Fear Street Relaunch #4);48.64;In stock;1;48.64;48.64;0.0
Boar Island (Anna Pigeon #19);59.48;In stock;3;59.48;59.48;0.0
A Paris Apartment;39.01;In stock;4;39.01;39.01;0.0
A la Mode: 120 Recipes in 60 Pairings: Pies, Tarts, Cakes, Crisps, and More Topped with Ice Cream, Gelato, Frozen Custard, and More;38.77;In stock;1;38.77;38.77;0.0
Troublemaker: Surviving Hollywood and Scientology;48.39;In stock;2;48.39;48.39;0.0
The Widow;27.26;In stock;2;27.26;27.26;0.0
The Sleep Revolution: Transforming Your Life, One Night at a Time;11.68;In stock;4;11.68;11.68;0.0
The Improbability of Love;59.45;In stock;1;59.45;59.45;0.0
The Art of Startup Fundraising;21.0;In stock;3;21.0;21.0;0.0
Take Me Home Tonight (Rock Star Romance #3);53.98;In stock;3;53.98;53.98;0.0
Sleeping Giants (Themis Files #1);48.74;In stock;1;48.74;48.74;0.0
Setting the World on Fire: The Brief, Astonishing Life of St. Catherine of Siena;21.15;In stock;2;21.15;21.15;0.0
Playing with Fire;13.71;In stock;3;13.71;13.71;0.0
Off the Hook (Fishing for Trouble #1);47.67;In stock;3;47.67;47.67;0.0
Mothering Sunday;13.34;In stock;2;13.34;13.34;0.0
Mother, Can You Not?;16.89;In stock;5;16.89;16.89;0.0
M Train;27.18;In stock;1;27.18;27.18;0.0
Lilac Girls;17.28;In stock;2;17.28;17.28;0.0
Lies and Other Acts of Love;45.14;In stock;1;45.14;45.14;0.0
Lab Girl;40.85;In stock;1;40.85;40.85;0.0
Keep Me Posted;20.46;In stock;4;20.46;20.46;0.0
It Didn't Start with You: How Inherited Family Trauma Shapes Who We Are and How to End the Cycle;56.27;In stock;3;56.27;56.27;0.0
Grey (Fifty Shades #4);48.49;In stock;4;48.49;48.49;0.0
Exit, Pursued by a Bear;51.34;In stock;4;51.34;51.34;0.0
Daredevils;16.34;In stock;3;16.34;16.34;0.0
Cravings: Recipes for What You Want to Eat;20.5;In stock;3;20.5;20.5;0.0
Born for This: How to Find the Work You Were Meant to Do;21.59;In stock;5;21.59;21.59;0.0
Arena;21.36;In stock;4;21.36;21.36;0.0
Adultery;20.88;In stock;5;20.88;20.88;0.0
A Mother's Reckoning: Living in the Aftermath of Tragedy;19.53;In stock;3;19.53;19.53;0.0
A Gentleman's Position (Society of Gentlemen #3);14.75;In stock;5;14.75;14.75;0.0
11/22/63;48.48;In stock;3;48.48;48.48;0.0
10% Happier: How I Tamed the Voice in My Head, Reduced Stress Without Losing My Edge, and Found Self-Help That Actually Works;24.57;In stock;2;24.57;24.57;0.0
10-Day Green Smoothie Cleanse: Lose Up to 15 Pounds in 10 Days!;49.71;In stock;5;49.71;49.71;0.0
Without Shame;48.27;In stock;5;48.27;48.27;0.0
Watchmen;58.05;In stock;4;58.05;58.05;0.0
Unlimited Intuition Now;58.87;In stock;4;58.87;58.87;0.0
Underlying Notes;11.82;In stock;2;11.82;11.82;0.0
The Shack;28.03;In stock;1;28.03;28.03;0.0
The New Brand You: Your New Image Makes the Sale for You;44.05;In stock;5;44.05;44.05;0.0
The Moosewood Cookbook: Recipes from Moosewood Restaurant, Ithaca, New York;12.34;In stock;4;12.34;12.34;0.0
The Flowers Lied;16.68;In stock;2;16.68;16.68;0.0
The Fabric of the Cosmos: Space, Time, and the Texture of Reality;55.91;In stock;1;55.91;55.91;0.0
The Book of Mormon;24.57;In stock;3;24.57;24.57;0.0
The Art and Science of Low Carbohydrate Living;52.98;In stock;5;52.98;52.98;0.0
The Alien Club;54.4;In stock;1;54.4;54.4;0.0
Suzie Snowflake: One beautiful flake (a self-esteem story);54.81;In stock;5;54.81;54.81;0.0
Nap-a-Roo;25.08;In stock;1;25.08;25.08;0.0
NaNo What Now? Finding your editing process, revising your NaNoWriMo book and building a writing career through publishing and beyond;10.41;In stock;4;10.41;10.41;0.0
Modern Day Fables;47.44;In stock;2;47.44;47.44;0.0
If I Gave You God's Phone Number....: Searching for Spirituality in America;20.91;In stock;1;20.91;20.91;0.0
Fruits Basket, Vol. 9 (Fruits Basket #9);33.95;In stock;4;33.95;33.95;0.0
Dress Your Family in Corduroy and Denim;43.68;In stock;3;43.68;43.68;0.0
Don't Forget Steven;33.23;In stock;1;33.23;33.23;0.0
Chernobyl 01:23:40: The Incredible True Story of the World's Worst Nuclear Disaster;35.92;In stock;2;35.92;35.92;0.0
Art and Fear: Observations on the Perils (and Rewards) of Artmaking;48.63;In stock;4;48.63;48.63;0.0
A Shard of Ice (The Black Symphony Saga #1);56.63;In stock;3;56.63;56.63;0.0
A Hero's Curse (The Unseen Chronicles #1);50.49;In stock;3;50.49;50.49;0.0
23 Degrees South: A Tropical Tale of Changing Whether...;35.79;In stock;2;35.79;35.79;0.0
Zero to One: Notes on Startups, or How to Build the Future;34.06;In stock;3;34.06;34.06;0.0
Why Not Me?;17.76;In stock;1;17.76;17.76;0.0
When Breath Becomes Air;39.36;In stock;2;39.36;39.36;0.0
Vagabonding: An Uncommon Guide to the Art of Long-Term World Travel;36.94;In stock;2;36.94;36.94;0.0
The Unlikely Pilgrimage of Harold Fry (Harold Fry #1);43.62;In stock;5;43.62;43.62;0.0
The New Drawing on the Right Side of the Brain;43.02;In stock;3;43.02;43.02;0.0
The Midnight Assassin: Panic, Scandal, and the Hunt for America's First Serial Killer;28.45;In stock;4;28.45;28.45;0.0
The Martian (The Martian #1);41.39;In stock;2;41.39;41.39;0.0
The High Mountains of Portugal;51.15;In stock;1;51.15;51.15;0.0
The Grownup;35.88;In stock;1;35.88;35.88;0.0
The E-Myth Revisited: Why Most Small Businesses Don't Work and What to Do About It;36.91;In stock;1;36.91;36.91;0.0
South of Sunshine;28.93;In stock;1;28.93;28.93;0.0
Smarter Faster Better: The Secrets of Being Productive in Life and Business;38.89;In stock;5;38.89;38.89;0.0
Silence in the Dark (Logan Point #4);58.33;In stock;3;58.33;58.33;0.0
Shadows of the Past (Logan Point #1);39.67;In stock;5;39.67;39.67;0.0
Roller Girl;14.1;In stock;5;14.1;14.1;0.0
Rising Strong;21.82;In stock;3;21.82;21.82;0.0
Proofs of God: Classical Arguments from Tertullian to Barth;54.21;In stock;1;54.21;54.21;0.0
Please Kill Me: The Uncensored Oral History of Punk;31.19;In stock;4;31.19;31.19;0.0
Out of Print: City Lights Spotlight No. 14;53.64;In stock;5;53.64;53.64;0.0
My Life Next Door (My Life Next Door );36.39;In stock;5;36.39;36.39;0.0
Miller's Valley;58.54;In stock;2;58.54;58.54;0.0
Man's Search for Meaning;29.48;In stock;3;29.48;29.48;0.0
Love That Boy: What Two Presidents, Eight Road Trips, and My Son Taught Me About a Parent's Expectations;25.06;In stock;2;25.06;25.06;0.0
Living Forward: A Proven Plan to Stop Drifting and Get the Life You Want;12.55;In stock;3;12.55;12.55;0.0
Les Fleurs du Mal;29.04;In stock;5;29.04;29.04;0.0
Left Behind (Left Behind #1);40.72;In stock;2;40.72;40.72;0.0
Kill 'Em and Leave: Searching for James Brown and the American Soul;45.05;In stock;5;45.05;45.05;0.0
Kierkegaard: A Christian Missionary to Christians;47.13;In stock;1;47.13;47.13;0.0
John Vassos: Industrial Design for Modern Life;20.22;In stock;4;20.22;20.22;0.0
I'll Give You the Sun;56.48;In stock;1;56.48;56.48;0.0
I Will Find You;44.21;In stock;1;44.21;44.21;0.0
Hystopia: A Novel;21.96;In stock;4;21.96;21.96;0.0
Howl and Other Poems;40.45;In stock;2;40.45;40.45;0.0
History of Beauty;10.29;In stock;4;10.29;10.29;0.0
Heaven is for Real: A Little Boy's Astounding Story of His Trip to Heaven and Back;52.86;In stock;2;52.86;52.86;0.0
Future Shock (Future Shock #1);55.65;In stock;5;55.65;55.65;0.0
Ender's Game (The Ender Quintet #1);43.64;In stock;1;43.64;43.64;0.0
Diary of a Citizen Scientist: Chasing Tiger Beetles and Other New Ways of Engaging the World;28.41;In stock;1;28.41;28.41;0.0
Death by Leisure: A Cautionary Tale;37.51;In stock;4;37.51;37.51;0.0
Brilliant Beacons: A History of the American Lighthouse;11.45;In stock;3;11.45;11.45;0.0
Brazen: The Courage to Find the You That's Been Hiding;19.22;In stock;2;19.22;19.22;0.0
Between the World and Me;56.91;In stock;4;56.91;56.91;0.0
Being Mortal: Medicine and What Matters in the End;55.06;In stock;4;55.06;55.06;0.0
A Murder Over a Girl: Justice, Gender, Junior High;13.2;In stock;3;13.2;13.2;0.0
32 Yolks;53.63;In stock;2;53.63;53.63;0.0
"""Most Blessed of the Patriarchs"": Thomas Jefferson and the Empire of the Imagination";44.48;In stock;5;44.48;44.48;0.0
You Are a Badass: How to Stop Doubting Your Greatness and Start Living an Awesome Life;12.08;In stock;3;12.08;12.08;0.0
Wildlife of New York: A Five-Borough Coloring Book;22.14;In stock;2;22.14;22.14;0.0
What Happened on Beale Street (Secrets of the South Mysteries #2);25.37;In stock;5;25.37;25.37;0.0
Unreasonable Hope: Finding Faith in the God Who Brings Purpose to Your Pain;46.33;In stock;2;46.33;46.33;0.0
Under the Tuscan Sun;37.33;In stock;3;37.33;37.33;0.0
Toddlers Are A**holes: It's Not Your Fault;25.55;In stock;1;25.55;25.55;0.0
The Year of Living Biblically: One Man's Humble Quest to Follow the Bible as Literally as Possible;34.72;In stock;1;34.72;34.72;0.0
The Whale;35.96;In stock;4;35.96;35.96;0.0
The Story of Art;41.14;In stock;4;41.14;41.14;0.0
The Origin of Species;10.01;In stock;4;10.01;10.01;0.0
The Great Gatsby;36.05;In stock;4;36.05;36.05;0.0
The Good Girl;49.03;In stock;3;49.03;49.03;0.0
The Glass Castle;16.24;In stock;1;16.24;16.24;0.0
The Faith of Christopher Hitchens: The Restless Soul of the World's Most Notorious Atheist;39.55;In stock;1;39.55;39.55;0.0
The Drowning Girls;35.67;In stock;3;35.67;35.67;0.0
The Constant Princess (The Tudor Court #1);16.62;In stock;3;16.62;16.62;0.0
The Bourne Identity (Jason Bourne #1);42.78;In stock;4;42.78;42.78;0.0
The Bachelor Girl's Guide to Murder (Herringford and Watts Mysteries #1);52.3;In stock;5;52.3;52.3;0.0
The Art Book;32.34;In stock;2;32.34;32.34;0.0
The 7 Habits of Highly Effective People: Powerful Lessons in Personal Change;33.17;In stock;4;33.17;33.17;0.0
Team of Rivals: The Political Genius of Abraham Lincoln;20.12;In stock;5;20.12;20.12;0.0
Steal Like an Artist: 10 Things Nobody Told You About Being Creative;20.9;In stock;2;20.9;20.9;0.0
Sit, Stay, Love;20.9;In stock;3;20.9;20.9;0.0
Sister Dear;40.2;In stock;4;40.2;40.2;0.0
Shrunken Treasures: Literary Classics, Short, Sweet, and Silly;52.87;In stock;3;52.87;52.87;0.0
Rich Dad, Poor Dad;51.74;In stock;1;51.74;51.74;0.0
Raymie Nightingale;34.41;In stock;2;34.41;34.41;0.0
Playing from the Heart;32.38;In stock;1;32.38;32.38;0.0
Nightstruck: A Novel;50.35;In stock;4;50.35;50.35;0.0
Naturally Lean: 125 Nourishing Gluten-Free, Plant-Based Recipes--All Under 300 Calories;11.38;In stock;5;11.38;11.38;0.0
Meternity;43.58;In stock;3;43.58;43.58;0.0
Memoirs of a Geisha;49.67;In stock;3;49.67;49.67;0.0
Like Never Before (Walker Family #2);28.77;In stock;2;28.77;28.77;0.0
Life of Pi;13.22;In stock;4;13.22;13.22;0.0
Leave This Song Behind: Teen Poetry at Its Best;51.17;In stock;5;51.17;51.17;0.0
King's Folly (The Kinsman Chronicles #1);39.61;In stock;5;39.61;39.61;0.0
John Adams;57.43;In stock;4;57.43;57.43;0.0
How to Cook Everything Vegetarian: Simple Meatless Recipes for Great Food (How to Cook Everything);46.01;In stock;4;46.01;46.01;0.0
How to Be a Domestic Goddess: Baking and the Art of Comfort Cooking;28.25;In stock;2;28.25;28.25;0.0
Good in Bed (Cannie Shapiro #1);37.05;In stock;5;37.05;37.05;0.0
Fruits Basket, Vol. 7 (Fruits Basket #7);19.57;In stock;1;19.57;19.57;0.0
For the Love: Fighting for Grace in a World of Impossible Standards;45.13;In stock;3;45.13;45.13;0.0
Finding God in the Ruins: How God Redeems Pain;46.64;In stock;2;46.64;46.64;0.0
Every Heart a Doorway (Every Heart A Doorway #1);12.16;In stock;5;12.16;12.16;0.0
Delivering the Truth (Quaker Midwife Mystery #1);20.89;In stock;4;20.89;20.89;0.0
Counted With the Stars (Out from Egypt #1);17.97;In stock;5;17.97;17.97;0.0
Chronicles, Vol. 1;52.6;In stock;2;52.6;52.6;0.0
Blue Like Jazz: Nonreligious Thoughts on Christian Spirituality;25.77;In stock;1;25.77;25.77;0.0
Benjamin Franklin: An American Life;48.19;In stock;3;48.19;48.19;0.0
At The Existentialist CafÃ©: Freedom, Being, and apricot cocktails with: Jean-Paul Sartre, Simone de Beauvoir, Albert Camus, Martin Heidegger, Edmund Husserl, Karl Jaspers, Maurice Merleau-Ponty and others;29.93;In stock;5;29.93;29.93;0.0
A Summer In Europe;44.34;In stock;2;44.34;44.34;0.0
A Short History of Nearly Everything;52.4;In stock;5;52.4;52.4;0.0
A Gathering of Shadows (Shades of Magic #2);44.81;In stock;4;44.81;44.81;0.0
The Sound Of Love;57.84;In stock;5;57.84;57.84;0.0
The Rise and Fall of the Third Reich: A History of Nazi Germany;39.67;In stock;2;39.67;39.67;0.0
The Perks of Being a Wallflower;55.02;In stock;3;55.02;55.02;0.0
The Mysterious Affair at Styles (Hercule Poirot #1);24.8;In stock;4;24.8;24.8;0.0
The Man Who Mistook His Wife for a Hat and Other Clinical Tales;59.45;In stock;4;59.45;59.45;0.0
The Makings of a Fatherless Child;31.58;In stock;2;31.58;31.58;0.0
The Joy of Cooking;43.27;In stock;4;43.27;43.27;0.0
The Invention of Wings;37.34;In stock;1;37.34;37.34;0.0
The Hobbit (Middle-Earth Universe);17.8;In stock;5;17.8;17.8;0.0
The Great Railway Bazaar;30.54;In stock;1;30.54;30.54;0.0
The Golden Compass (His Dark Materials #1);18.77;In stock;1;18.77;18.77;0.0
The God Delusion;46.85;In stock;3;46.85;46.85;0.0
The Girl You Left Behind (The Girl You Left Behind #1);15.79;In stock;1;15.79;15.79;0.0
The Fellowship of the Ring (The Lord of the Rings #1);10.27;In stock;2;10.27;10.27;0.0
The Collected Poems of W.B. Yeats (The Collected Works of W.B. Yeats #1);15.42;In stock;5;15.42;15.42;0.0
The Barefoot Contessa Cookbook;59.92;In stock;5;59.92;59.92;0.0
Tell the Wolves I'm Home;50.96;In stock;2;50.96;50.96;0.0
Ship Leaves Harbor: Essays on Travel by a Recovering Journeyman;30.6;In stock;3;30.6;30.6;0.0
Pride and Prejudice;19.27;In stock;4;19.27;19.27;0.0
Musicophilia: Tales of Music and the Brain;46.58;In stock;1;46.58;46.58;0.0
Mere Christianity;48.51;In stock;3;48.51;48.51;0.0
Me Before You (Me Before You #1);19.02;In stock;1;19.02;19.02;0.0
In the Woods (Dublin Murder Squad #1);38.38;In stock;2;38.38;38.38;0.0
In Cold Blood;49.98;In stock;4;49.98;49.98;0.0
How to Stop Worrying and Start Living;46.49;In stock;5;46.49;46.49;0.0
Give It Back;18.32;In stock;2;18.32;18.32;0.0
Girl, Interrupted;42.14;In stock;3;42.14;42.14;0.0
Fun Home: A Family Tragicomic;56.59;In stock;4;56.59;56.59;0.0
Fruits Basket, Vol. 6 (Fruits Basket #6);20.96;In stock;4;20.96;20.96;0.0
Deception Point;40.32;In stock;4;40.32;40.32;0.0
Death Note, Vol. 6: Give-and-Take (Death Note #6);36.39;In stock;3;36.39;36.39;0.0
Catherine the Great: Portrait of a Woman;58.55;In stock;4;58.55;58.55;0.0
Better Homes and Gardens New Cook Book;39.61;In stock;3;39.61;39.61;0.0
An Unquiet Mind: A Memoir of Moods and Madness;21.3;In stock;3;21.3;21.3;0.0
A Year in Provence (Provence #1);56.88;In stock;4;56.88;56.88;0.0
World Without End (The Pillars of the Earth #2);32.97;In stock;4;32.97;32.97;0.0
Will Grayson, Will Grayson (Will Grayson, Will Grayson);47.31;In stock;4;47.31;47.31;0.0
Why Save the Bankers?: And Other Essays on Our Economic and Political Crisis;48.67;In stock;2;48.67;48.67;0.0
Where She Went (If I Stay #2);41.73;In stock;4;41.73;41.73;0.0
What If?: Serious Scientific Answers to Absurd Hypothetical Questions;53.68;In stock;4;53.68;53.68;0.0
Two Summers;14.64;In stock;1;14.64;14.64;0.0
This Is Your Brain on Music: The Science of a Human Obsession;38.4;In stock;1;38.4;38.4;0.0
The Secret Garden;15.08;In stock;4;15.08;15.08;0.0
The Raven King (The Raven Cycle #4);30.57;In stock;2;30.57;30.57;0.0
The Raven Boys (The Raven Cycle #1);57.74;In stock;4;57.74;57.74;0.0
The Power Greens Cookbook: 140 Delicious Superfood Recipes;11.05;In stock;5;11.05;11.05;0.0
The Metamorphosis;28.58;In stock;1;28.58;28.58;0.0
The Mathews Men: Seven Brothers and the War Against Hitler's U-boats;42.91;In stock;5;42.91;42.91;0.0
The Little Paris Bookshop;24.73;In stock;3;24.73;24.73;0.0
The Hiding Place;55.91;In stock;4;55.91;55.91;0.0
The Grand Design;13.76;In stock;3;13.76;13.76;0.0
The Firm;45.56;In stock;3;45.56;45.56;0.0
The Fault in Our Stars;47.22;In stock;1;47.22;47.22;0.0
The False Prince (The Ascendance Trilogy #1);56.0;In stock;5;56.0;56.0;0.0
The Expatriates;44.58;In stock;2;44.58;44.58;0.0
